{"fileconfig.json":"fileconfigcp6cbc98fe.json","game_scene/maingame.json":"game_scene/maingamecpcd3595dc.json","img/11.jpg":"img/11cpa41e0b94.jpg","index.html":"index.html","index.js":"indexabc43c3e.js","js/bundle.js":"js/bundle64526ccd.js","js/GameConfig.js":"js/GameConfige8d5ef7a.js","js/games/Control.js":"js/games/Control2f9cd685.js","js/games/Entity.js":"js/games/Entitybda6f52c.js","js/games/Game.js":"js/games/Game513f8bf1.js","js/games/Manager.js":"js/games/Managerd5544485.js","js/GlobalConfig.js":"js/GlobalConfig66b93b35.js","js/Main.js":"js/Maindd41e63c.js","js/net/Codec.js":"js/net/Codec8eaeb8b5.js","js/net/Handler.js":"js/net/Handler0185ebae.js","js/net/NetMessage.js":"js/net/NetMessage8221d44a.js","js/net/Socket.js":"js/net/Socket767c53e8.js","js/ui/layaMaxUI.js":"js/ui/layaMaxUI5c749f9b.js","libs/laya.core.js":"libs/laya.coredc0b953b.js","libs/laya.physics.js":"libs/laya.physicsea58f36a.js","libs/laya.ui.js":"libs/laya.uiaa791771.js","libs/protobuf-bundles.js":"libs/protobuf-bundlesc05a79de.js","libs/protobuf-library.js":"libs/protobuf-library77f796b3.js","prefab/chilun.json":"prefab/chiluncp1bb7d4b8.json","prefab/Food.json":"prefab/Foodcp0b868320.json","prefab/Food0.json":"prefab/Food0cp9c81fdb3.json","prefab/Player.json":"prefab/Playercp100eedc9.json","prefab/PlayerSelf.json":"prefab/PlayerSelfcp67cd4fbf.json","res/atlas/comp.atlas":"res/atlas/compcp00e969cc.atlas","res/atlas/comp.png":"res/atlas/compcpdfb054e0.png","res/atlas/img.atlas":"res/atlas/imgcp0c79bad5.atlas","res/atlas/img.png":"res/atlas/imgcpf22de0bc.png","unpack.json":"unpackcp926635d9.json","version.json":"version.json"}