{"type":"Scene","props":{"y":0,"x":-1,"width":1136,"scaleY":1,"scaleX":1,"pivotY":0,"pivotX":0,"name":"Game","height":640},"compId":2,"child":[{"type":"Script","props":{"prePlayerSelf":"@Prefab:prefab/PlayerSelf.prefab","prePlayer":"@Prefab:prefab/Player.prefab","preFood":"@Prefab:prefab/Food.prefab","preChilun":"@Prefab:prefab/Chilun.prefab","runtime":"games/Game.js"},"compId":30}],"loadList":["prefab/PlayerSelf.prefab","prefab/Player.prefab","prefab/Food.prefab","prefab/Chilun.prefab"],"loadList3D":[]}