{"type":"View","props":{"width":3600,"height":3600},"compId":2,"child":[{"type":"Panel","props":{"width":3600,"name":"GamePanel","height":3600},"compId":3,"child":[{"type":"Image","props":{"y":0,"x":0,"width":3600,"skin":"img/bg1.jpg","name":"GameArea","height":3600},"compId":4}]},{"type":"Script","props":{"prePlayerSelf":"@Prefab:prefab/PlayerSelf.prefab","prePlayer":"@Prefab:prefab/Player.prefab","preFood":"@Prefab:prefab/Food.prefab","preChilun":"@Prefab:prefab/Chilun.prefab","runtime":"games/Game.js"},"compId":5}],"loadList":["img/bg1.jpg","prefab/PlayerSelf.prefab","prefab/Player.prefab","prefab/Food.prefab","prefab/Chilun.prefab"],"loadList3D":[]}